[{"name":"GRIST","streetAdd":"1201 Western Avenue","city":"Seattle","state":"WA","zip":"98101","cause":"Public Broadcasting and Media","rating":2,"websiteURL":"http://www.grist.org/","photoURL":"NA","keywords":["A","beacon","in","the","smog"],"category":"Arts, Culture, Humanities","phoneNumber":"204-867-5309","email":"some@email.com"},{"name":"Wildlands Network","streetAdd":"1402 3rd Avenue","city":"Seattle","state":"WA","zip":"98101","cause":"Environmental Protection and Conservation","rating":1,"websiteURL":"http://wildlandsnetwork.org","photoURL":"NA","keywords":["Reconnecting","nature","in","North","America"],"category":"Environment","phoneNumber":"204-867-5309","email":"some@email.com"},{"name":"visionSynergy","streetAdd":"610 Main Street","city":"Edmunds","state":"WA","zip":"98020","cause":"Religious Activities","rating":2,"websiteURL":"http://visionsynergy.net/","photoURL":"NA","keywords":["Helping","Christian","organizations","work","together","for","maximum","impact"],"category":"Religion","phoneNumber":"204-867-5309","email":"some@email.com"},{"name":"OneAmerica","streetAdd":"1225 South Weller Street","city":"Seattle","state":"WA","zip":"98144","cause":"Advocacy and Education","rating":4,"websiteURL":"http://weareoneamerica.org/","photoURL":"NA","keywords":["With","Justice","For","All"],"category":"Human and Civil Rights","phoneNumber":"204-867-5309","email":"some@email.com"},{"name":"Camp Korey","streetAdd":"19031 33RD Avenue West","city":"Lynnwood","state":"WA","zip":"98036","cause":"Patient and Family Support","rating":3,"websiteURL":"http://campkorey.org/","photoURL":"NA","keywords":["A","serious","fun","camp"],"category":"Health","phoneNumber":"204-867-5309","email":"some@email.com"},{"name":"Jubilee REACH","streetAdd":"14200 Southeast 13th Place","city":"Bellevue","state":"WA","zip":"98007","cause":"Social Services","rating":5,"websiteURL":"http://www.jubileereach.org/","photoURL":"NA","keywords":["Transforming","lives","and","communities,","one","student","at","a","time."],"category":"Human Services","phoneNumber":"204-867-5309","email":"some@email.com"},{"name":"Amazing Discoveries","streetAdd":"P.O. Box 3140","city":"Blaine","state":"WA","zip":"98231","cause":"Religious Media and Broadcasting","rating":4,"websiteURL":"http://www.amazingdiscoveries.org","photoURL":"NA","keywords":["Exposing","deception","in","the","spiritual","realm"],"category":"Religion","phoneNumber":"204-867-5309","email":"some@email.com"},{"name":"Center for Children & Youth Justice","streetAdd":"615 Second Avenue","city":"Seattle","state":"WA","zip":"98104","cause":"Advocacy and Education","rating":2,"websiteURL":"https://ccyj.org","photoURL":"NA","keywords":["Better","systems.","Better","lives."],"category":"Human and Civil Rights","phoneNumber":"204-867-5309","email":"some@email.com"},{"name":"Malaria No More Fund","streetAdd":"2341 Eastlake Avenue E","city":"Seattle","state":"WA","zip":"98102","cause":"Development and Relief Services","rating":3,"websiteURL":"https://www.malarianomore.org/","photoURL":"NA","keywords":["No","child","should","die","from","a","mosquite","bite"],"category":"International","phoneNumber":"204-867-5309","email":"some@email.com"},{"name":"Blessed Family Association International","streetAdd":"21010 76th Avenue West","city":"Edmonds","state":"WA","zip":"98026","cause":"Children's and Family Services","rating":5,"websiteURL":"http://blessedfamily.com/","photoURL":"NA","keywords":["Creating","a","World","of","God-Centered","Families"],"category":"Human Services","phoneNumber":"204-867-5309","email":"some@email.com"},{"name":"The Henry Art Gallery","streetAdd":"15th Ave North East and 41st Street","city":"Seattle","state":"WA","zip":"98195","cause":"Museums","rating":1,"websiteURL":"http://www.henryart.org/","photoURL":"NA","keywords":["Delivering","a","direct","experience","of","the","art","of","our","time"],"category":"Arts, Culture, Humanities","phoneNumber":"204-867-5309","email":"some@email.com"},{"name":"Second Harvest Inland Northwest","streetAdd":"1234 East Front Avenue","city":"Spokane","state":"WA","zip":"99202    ","cause":"Food Banks, Food Pantries, and Food Distribution","rating":2,"websiteURL":"http://www.2-harvest.org/","photoURL":"NA","keywords":["Fighting","hunger,","feeding","hope","since","1971"],"category":"Human Services","phoneNumber":"204-867-5309","email":"some@email.com"},{"name":"Friends of KSPS","streetAdd":"3911 South Regal Street","city":"Spokane","state":"WA","zip":"99223","cause":"Public Broadcasting and Media","rating":1,"websiteURL":"http://www.ksps.org/home/","photoURL":"NA","keywords":["Providing","on-air,","online","and","multimedia","programs","that","entertain,","engage","and","educate","to","enrich","all","the","communities","we","serve"],"category":"Arts, Culture, Humanities","phoneNumber":"204-867-5309","email":"some@email.com"},{"name":"Intiman Theatre","streetAdd":"201 Mercer Street","city":"Seattle","state":"WA","zip":"98109","cause":"Performing Arts","rating":5,"websiteURL":"http://www.intiman.org/","photoURL":"NA","keywords":["Intiman","Theatre","produces","theatre","that","is","relevant","to","our","time","and","as","diverse","as","the","community","in","which","we","live."],"category":"Arts, Culture, Humanities","phoneNumber":"204-867-5309","email":"some@email.com"},{"name":"IslandWood","streetAdd":"4450 Blakely Avenue, NE","city":"Bainbridge Island","state":"WA","zip":"98110","cause":"Youth Education Programs and Services","rating":3,"websiteURL":"http://islandwood.org/","photoURL":"NA","keywords":["Inspiring","lifelong","environmental","and","community","stewardship"],"category":"Education","phoneNumber":"204-867-5309","email":"some@email.com"},{"name":"Music For Life Institute","streetAdd":"P.O. Box 29690","city":"Bellingham","state":"WA","zip":"98228","cause":"Development and Relief Services","rating":2,"websiteURL":"http://www.africanchildrenschoir.com/","photoURL":"NA","keywords":["Helping","Africa's","most","vulnerable","children","today,","so","they","can","help","Africa","tomorrow"],"category":"International","phoneNumber":"204-867-5309","email":"some@email.com"},{"name":"Grantmakers in the Arts","streetAdd":"4055 21st Avenue West","city":"Seattle","state":"WA","zip":"98199","cause":"Performing Arts","rating":2,"websiteURL":"http://www.giarts.org/","photoURL":"NA","keywords":["Supporting","a","creative","America"],"category":"Arts, Culture, Humanities","phoneNumber":"204-867-5309","email":"some@email.com"},{"name":"RAYS","streetAdd":"1025 South Third Street","city":"Renton","state":"WA","zip":"98057","cause":"Children's and Family Services","rating":4,"websiteURL":"http://rays.org/","photoURL":"NA","keywords":["Every","family","living","in","health","and","hope","within","a","supportive","community"],"category":"Human Services","phoneNumber":"204-867-5309","email":"some@email.com"},{"name":"Seattle Children's Theatre","streetAdd":"201 Thomas Street","city":"Seattle","state":"WA","zip":"98109","cause":"Performing Arts","rating":5,"websiteURL":"http://www.sct.org","photoURL":"NA","keywords":["Providing","children","of","all","ages","access","to","professional","theatre"],"category":"Arts, Culture, Humanities","phoneNumber":"204-867-5309","email":"some@email.com"},{"name":"Vashon Center for the Arts","streetAdd":"19600 Vashon Highway SW","city":"Vashon Island","state":"WA","zip":"98070","cause":"Performing Arts","rating":2,"websiteURL":"http://www.vashoncenterforthearts.org","photoURL":"NA","keywords":["Home","is","where","the","art","is"],"category":"Arts, Culture, Humanities","phoneNumber":"204-867-5309","email":"some@email.com"},{"name":"Jubilee Leadership Academy","streetAdd":"29 Jubilee Circle","city":"Prescott","state":"WA","zip":"99348","cause":"Youth Development, Shelter, and Crisis Services","rating":3,"websiteURL":"http://www.jlacademy.org/","photoURL":"NA","keywords":["Providing","a","Christ-centered","community","where","youth","can","find","a","new","beginning"],"category":"Human Services","phoneNumber":"204-867-5309","email":"some@email.com"},{"name":"Sightline Institute","streetAdd":"1402 Third Avenue","city":"Seattle","state":"WA","zip":"98101","cause":"Social and Public Policy Research","rating":1,"websiteURL":"http://www.sightline.org/","photoURL":"NA","keywords":["Smart","Solutions","for","a","Sustainable","Northwest"],"category":"Research and Public Policy","phoneNumber":"204-867-5309","email":"some@email.com"},{"name":"Splash International","streetAdd":"1326 Fifth Avenue","city":"Seattle","state":"WA","zip":"98101","cause":"Development and Relief Services","rating":4,"websiteURL":"http://splash.org/","photoURL":"NA","keywords":["We","clean","water","for","kids"],"category":"International","phoneNumber":"204-867-5309","email":"some@email.com"},{"name":"Pilgrim Africa","streetAdd":"115 N 85th Street","city":"Seattle","state":"WA","zip":"98103","cause":"Development and Relief Services","rating":4,"websiteURL":"http://www.pilgrimafrica.org/","photoURL":"NA","keywords":["Helping","African","people","create","a","future","of","sustainable","prosperity","and","health"],"category":"International","phoneNumber":"204-867-5309","email":"some@email.com"},{"name":"Seattle Humane","streetAdd":"13212 Southeast Eastgate Way","city":"Bellevue","state":"WA","zip":"98005","cause":"Animal Rights, Welfare, and Services","rating":4,"websiteURL":"http://www.seattlehumane.org","photoURL":"NA","keywords":["Bringing","people","and","pets","together"],"category":"Animals","phoneNumber":"204-867-5309","email":"some@email.com"},{"name":"Childhaven","streetAdd":"316 Broadway","city":"Seattle","state":"WA","zip":"98122","cause":"Children's and Family Services","rating":3,"websiteURL":"http://www.childhaven.org/","photoURL":"NA","keywords":["A","community","leader,","statewide","advocate,","and","national","model","to","treat","and","prevent","the","cycle","of","abuse","and","neglect."],"category":"Human Services","phoneNumber":"204-867-5309","email":"some@email.com"},{"name":"YMCA of Greater Seattle","streetAdd":"909 Fourth Avenue","city":"Seattle","state":"WA","zip":"98104    ","cause":"Multipurpose Human Service Organizations","rating":4,"websiteURL":"http://www.seattleymca.org","photoURL":"NA","keywords":["We're","for","youth","development,","healthy","living","and","social","responsibility."],"category":"Human Services","phoneNumber":"204-867-5309","email":"some@email.com"},{"name":"YWCA of Seattle - King County - Snohomish County","streetAdd":"1118 Fifth Avenue","city":"Seattle","state":"WA","zip":"98101    ","cause":"Multipurpose Human Service Organizations","rating":4,"websiteURL":"https://www.ywcaworks.org/","photoURL":"NA","keywords":["Eliminating","racism,","empowering","women"],"category":"Human Services","phoneNumber":"204-867-5309","email":"some@email.com"},{"name":"Boys & Girls Clubs of King County","streetAdd":"603 Stewart Street","city":"Seattle","state":"WA","zip":"98101","cause":"Youth Development, Shelter, and Crisis Services","rating":4,"websiteURL":"http://www.positiveplace.org/","photoURL":"NA","keywords":["The","positive","place","for","kids"],"category":"Human Services","phoneNumber":"204-867-5309","email":"some@email.com"},{"name":"Boys & Girls Clubs of Snohomish County","streetAdd":"9502 19th Ave SE","city":"Everett","state":"WA","zip":"98208","cause":"Youth Development, Shelter, and Crisis Services","rating":3,"websiteURL":"http://bgcsc.org/","photoURL":"NA","keywords":["Great","futures","start","here"],"category":"Human Services","phoneNumber":"204-867-5309","email":"some@email.com"},{"name":"SightConnection","streetAdd":"9709 Third Avenue, NE","city":"Seattle","state":"WA","zip":"98115","cause":"Diseases, Disorders, and Disciplines","rating":1,"websiteURL":"http://www.sightconnection.org/","photoURL":"NA","keywords":["reclaiming","and","maintaining","independence","for","those","living","with","vision","loss"],"category":"Health","phoneNumber":"204-867-5309","email":"some@email.com"},{"name":"Boy Scouts of America Pacific Harbors Council","streetAdd":"4802 South 19th Street","city":"Tacoma","state":"WA","zip":"98405","cause":"Youth Development, Shelter, and Crisis Services","rating":5,"websiteURL":"http://pacificharbors.org/","photoURL":"NA","keywords":["Experiences","that","last","a","lifetime"],"category":"Human Services","phoneNumber":"204-867-5309","email":"some@email.com"},{"name":"The Rescue Mission, Tacoma","streetAdd":"425 South Tacoma Way","city":"Tacoma","state":"WA","zip":"98402","cause":"Homeless Services","rating":3,"websiteURL":"https://trm.org","photoURL":"NA","keywords":["Providing","help","and","hope","to","men,","women","and","children","who","need","shelter,","food,","and","assistance."],"category":"Human Services","phoneNumber":"204-867-5309","email":"some@email.com"},{"name":"YWCA Pierce County","streetAdd":"405 Broadway","city":"Tacoma","state":"WA","zip":"98402","cause":"Multipurpose Human Service Organizations","rating":5,"websiteURL":"https://www.ywcapiercecounty.org/","photoURL":"NA","keywords":["Safety,","Healing","and","Empowerment"],"category":"Human Services","phoneNumber":"204-867-5309","email":"some@email.com"},{"name":"Jewish Family Service of Seattle","streetAdd":"1601 Sixteenth Avenue","city":"Seattle ","state":"WA","zip":"98122","cause":"Children's and Family Services","rating":1,"websiteURL":"http://www.jfsseattle.org","photoURL":"NA","keywords":["Support","people","in","times","of","need."],"category":"Human Services","phoneNumber":"204-867-5309","email":"some@email.com"},{"name":"United Way of King County","streetAdd":"720 Second Avenue","city":"Seattle","state":"WA","zip":"98104    ","cause":"United Ways","rating":1,"websiteURL":"http://www.uwkc.org","photoURL":"NA","keywords":["Live","united"],"category":"Community Development","phoneNumber":"204-867-5309","email":"some@email.com"},{"name":"Wellspring Family Services","streetAdd":"1900 Rainier Avenue South","city":"Seattle","state":"WA","zip":"98144","cause":"Children's and Family Services","rating":3,"websiteURL":"http://www.wellspringfs.org","photoURL":"NA","keywords":["Taking","on","the","root","causes","of","homelessness","and","instability"],"category":"Human Services","phoneNumber":"204-867-5309","email":"some@email.com"},{"name":"Boy Scouts of America, Chief Seattle Council","streetAdd":"3120 Rainier Avenue South","city":"Seattle","state":"WA","zip":"98114","cause":"Youth Development, Shelter, and Crisis Services","rating":1,"websiteURL":"http://www.seattlebsa.org/","photoURL":"NA","keywords":["Providing","quality","youth","programs"],"category":"Human Services","phoneNumber":"204-867-5309","email":"some@email.com"},{"name":"Catholic Charities of Spokane","streetAdd":"Twelve East Fifth Avenue","city":"Spokane","state":"WA","zip":"99202","cause":"Social Services","rating":2,"websiteURL":"http://www.catholiccharitiesspokane.org/","photoURL":"NA","keywords":["Providing","Help...Restoring","Hope...","Saving","Lives!","\r\n"],"category":"Human Services","phoneNumber":"204-867-5309","email":"some@email.com"},{"name":"United Way of Whatcom County","streetAdd":"1500 Cornwall Avenue","city":"Bellingham","state":"WA","zip":"98225","cause":"United Ways","rating":2,"websiteURL":"http://www.unitedwaywhatcom.org","photoURL":"NA","keywords":["Live","United"],"category":"Community Development","phoneNumber":"204-867-5309","email":"some@email.com"},{"name":"Jewish Federation of Greater Seattle","streetAdd":"2031 Third Avenue","city":"Seattle","state":"WA","zip":"98121","cause":"Jewish Federations","rating":3,"websiteURL":"http://www.jewishinseattle.org","photoURL":"NA","keywords":["Connecting","Jewish","lives.","Strengthening","community."],"category":"Community Development","phoneNumber":"204-867-5309","email":"some@email.com"},{"name":"Humane Society for Tacoma and Pierce County","streetAdd":"2608 Center Street","city":"Tacoma","state":"WA","zip":"98409","cause":"Animal Rights, Welfare, and Services","rating":4,"websiteURL":"http://www.thehumanesociety.org","photoURL":"NA","keywords":["We","make","happy","happen."],"category":"Animals","phoneNumber":"204-867-5309","email":"some@email.com"},{"name":"Amara","streetAdd":"5907 Martin Luther King Jr. Way S.,","city":"Seattle","state":"WA","zip":"98118","cause":"Children's and Family Services","rating":1,"websiteURL":"http://www.amaraparenting.org","photoURL":"NA","keywords":["A","Home","for","Every","Child"],"category":"Human Services","phoneNumber":"204-867-5309","email":"some@email.com"},{"name":"Union Gospel Mission of Grays Harbor","streetAdd":"405 East Heron","city":"Aberdeen","state":"WA","zip":"98520","cause":"Homeless Services","rating":2,"websiteURL":"http://www.ugmgraysharbor.org/","photoURL":"NA","keywords":["Reaching","hearts","&","changing","lives","of","people","in","need"],"category":"Human Services","phoneNumber":"204-867-5309","email":"some@email.com"},{"name":"St. Vincent de Paul of Seattle|King County","streetAdd":"5950 Fourth Avenue, S.","city":"Seattle","state":"WA","zip":"98108","cause":"Social Services","rating":3,"websiteURL":"http://www.svdpseattle.org","photoURL":"NA","keywords":["When","people","need","help,","we'll","be","there."],"category":"Human Services","phoneNumber":"204-867-5309","email":"some@email.com"},{"name":"World Affairs Council of Seattle","streetAdd":"2200 Alaskan Way","city":"Seattle","state":"WA","zip":"98121","cause":"International Peace, Security, and Affairs","rating":4,"websiteURL":"http://www.world-affairs.org/","photoURL":"NA","keywords":["Linking","Greater","Seattle","to","the","world"],"category":"International","phoneNumber":"204-867-5309","email":"some@email.com"},{"name":"Junior Achievement of Washington","streetAdd":"1700 Westlake Avenue North","city":"Seattle","state":"WA","zip":"98109","cause":"Youth Education Programs and Services","rating":2,"websiteURL":"http://www.jawashington.org/","photoURL":"NA","keywords":["Preparing","","young","people","to","succeed","in","a","global","economy."],"category":"Education","phoneNumber":"204-867-5309","email":"some@email.com"},{"name":"Spokane County United Way","streetAdd":"920 North Washington Street","city":"Spokane","state":"WA","zip":"99201","cause":"United Ways","rating":4,"websiteURL":"http://www.unitedwayspokane.org/","photoURL":"NA","keywords":["To","live","better,","we","must","LIVE","UNITED."],"category":"Community Development","phoneNumber":"204-867-5309","email":"some@email.com"},{"name":"United Way of Snohomish County","streetAdd":"3120 McDougall Avenue","city":"Everett","state":"WA","zip":"98201","cause":"United Ways","rating":4,"websiteURL":"http://www.uwsc.org","photoURL":"NA","keywords":["Live","united"],"category":"Community Development","phoneNumber":"204-867-5309","email":"some@email.com"},{"name":"Millionair Club Charity","streetAdd":"2515 Western Avenue","city":"Seattle","state":"WA","zip":"98121","cause":"Social Services","rating":5,"websiteURL":"http://www.millionairclub.org/","photoURL":"NA","keywords":["Rebuilding","lives,","one","job","at","a","time.\r\n\r\n"],"category":"Human Services","phoneNumber":"204-867-5309","email":"some@email.com"},{"name":"Arboretum Foundation","streetAdd":"2300 Arboretum Drive East","city":"Seattle","state":"WA","zip":"98112","cause":"Botanical Gardens, Parks, and Nature Centers","rating":1,"websiteURL":"http://www.arboretumfoundation.org/","photoURL":"NA","keywords":["Preserving","a","Northwest","treasure"],"category":"Environment","phoneNumber":"204-867-5309","email":"some@email.com"},{"name":"United Way of Kitsap County","streetAdd":"645 Fourth Street","city":"Bremerton","state":"WA","zip":"98337","cause":"United Ways","rating":1,"websiteURL":"http://www.unitedwaykitsap.org/","photoURL":"NA","keywords":["Live","United"],"category":"Community Development","phoneNumber":"204-867-5309","email":"some@email.com"},{"name":"Seattle Art Museum","streetAdd":"1300 First Avenue","city":"Seattle","state":"WA","zip":"98101","cause":"Museums","rating":3,"websiteURL":"http://www.seattleartmuseum.org","photoURL":"NA","keywords":["Connecting","art","to","life"],"category":"Arts, Culture, Humanities","phoneNumber":"204-867-5309","email":"some@email.com"},{"name":"United Way of Pierce County","streetAdd":"1501 Pacific Avenue","city":"Tacoma","state":"WA","zip":"98402","cause":"United Ways","rating":3,"websiteURL":"http://www.uwpc.org","photoURL":"NA","keywords":["Live","united"],"category":"Community Development","phoneNumber":"204-867-5309","email":"some@email.com"},{"name":"Seattle Symphony","streetAdd":"200 University Street","city":"Seattle","state":"WA","zip":"98101","cause":"Performing Arts","rating":5,"websiteURL":"http://www.seattlesymphony.org","photoURL":"NA","keywords":["Presenting","symphonic","music","of","the","highest","quality"],"category":"Arts, Culture, Humanities","phoneNumber":"204-867-5309","email":"some@email.com"},{"name":"Big Brothers Big Sisters of Puget Sound","streetAdd":"1600 South Graham Street","city":"Seattle","state":"WA","zip":"98108","cause":"Youth Development, Shelter, and Crisis Services","rating":1,"websiteURL":"https://www.bbbsps.org/","photoURL":"NA","keywords":["Inspire","a","Child","to","Dream","Big"],"category":"Human Services","phoneNumber":"204-867-5309","email":"some@email.com"},{"name":"United Way of Benton and Franklin Counties","streetAdd":"401 North Young Street","city":"Kennewick","state":"WA","zip":"99336","cause":"United Ways","rating":5,"websiteURL":"http://www.unitedway-bfco.com","photoURL":"NA","keywords":["Live","United"],"category":"Community Development","phoneNumber":"204-867-5309","email":"some@email.com"},{"name":"Planned Parenthood of the Great Northwest and the Hawaiian Islands","streetAdd":"2001 East Madison Street","city":"Seattle","state":"WA","zip":"98122","cause":"Treatment and Prevention Services","rating":4,"websiteURL":"https://www.plannedparenthood.org/planned-parenthood-great-northwest-hawaiian-islands","photoURL":"NA","keywords":["Providing","high-quality,","affordable","reproductive","health","care","for","women,","men","and","teens"],"category":"Health","phoneNumber":"204-867-5309","email":"some@email.com"},{"name":"Tacoma Art Museum","streetAdd":"1701 Pacific Avenue","city":"Tacoma","state":"WA","zip":"98402","cause":"Museums","rating":3,"websiteURL":"http://www.tacomaartmuseum.org","photoURL":"NA","keywords":["Connecting","people","through","art"],"category":"Arts, Culture, Humanities","phoneNumber":"204-867-5309","email":"some@email.com"},{"name":"United Way of Thurston County","streetAdd":"1211 Fourth Avenue East","city":"Olympia","state":"WA","zip":"98506","cause":"United Ways","rating":3,"websiteURL":"http://www.unitedway-thurston.org/","photoURL":"NA","keywords":["Live","United"],"category":"Community Development","phoneNumber":"204-867-5309","email":"some@email.com"},{"name":"United Way of Clallam County","streetAdd":"PO Box 937","city":"Port Angeles","state":"WA","zip":"98362","cause":"United Ways","rating":3,"websiteURL":"http://www.unitedwayclallam.org/","photoURL":"NA","keywords":["Live","United"],"category":"Community Development","phoneNumber":"204-867-5309","email":"some@email.com"},{"name":"National Multiple Sclerosis Society, Greater Northwest Chapter","streetAdd":"192 Nickerson Street","city":"Seattle","state":"WA","zip":"98109","cause":"Diseases, Disorders, and Disciplines","rating":1,"websiteURL":"http://www.nationalmssociety.org/Chapters/WAS","photoURL":"NA","keywords":["Join","the","movement"],"category":"Health","phoneNumber":"204-867-5309","email":"some@email.com"},{"name":"Pacific Science Center","streetAdd":"200 Second Avenue North","city":"Seattle","state":"WA","zip":"98109","cause":"Museums","rating":4,"websiteURL":"http://www.pacsci.org/support/","photoURL":"NA","keywords":["Igniting","curiosity","and","fueling","a","passion","for","discovery."],"category":"Arts, Culture, Humanities","phoneNumber":"204-867-5309","email":"some@email.com"},{"name":"Seattle Repertory Theatre","streetAdd":"155 Mercer Street","city":"Seattle","state":"WA","zip":"98109","cause":"Performing Arts","rating":4,"websiteURL":"http://www.seattlerep.org","photoURL":"NA","keywords":["Creating","extraordinary","productions","and","programs"],"category":"Arts, Culture, Humanities","phoneNumber":"204-867-5309","email":"some@email.com"},{"name":"Humane Society for Southwest Washington","streetAdd":"1100 Northeast 192nd Avenue","city":"Vancouver","state":"WA","zip":"98684","cause":"Animal Rights, Welfare, and Services","rating":4,"websiteURL":"http://southwesthumane.org/","photoURL":"NA","keywords":["Unleash","the","possibilities"],"category":"Animals","phoneNumber":"204-867-5309","email":"some@email.com"},{"name":"Seattle Opera","streetAdd":"1020 John Street","city":"Seattle","state":"WA","zip":"98109","cause":"Performing Arts","rating":5,"websiteURL":"http://www.seattleopera.org","photoURL":"NA","keywords":["Producing","grand","operas"],"category":"Arts, Culture, Humanities","phoneNumber":"204-867-5309","email":"some@email.com"},{"name":"Boys & Girls Clubs of Bellevue","streetAdd":"209 100th Avenue NE","city":"Bellevue","state":"WA","zip":"98004","cause":"Youth Development, Shelter, and Crisis Services","rating":1,"websiteURL":"http://www.bgcbellevue.org/","photoURL":"NA","keywords":["Enabling","young","people","to","realize","their","full","potential"],"category":"Human Services","phoneNumber":"204-867-5309","email":"some@email.com"},{"name":"Everett Gospel Mission","streetAdd":"P.O. Box 423","city":"Everett","state":"WA","zip":"98206","cause":"Homeless Services","rating":5,"websiteURL":"http://www.egmission.org","photoURL":"NA","keywords":["Dedicated","to","improving","the","lives","of","homeless","and","at-risk","individuals"],"category":"Human Services","phoneNumber":"204-867-5309","email":"some@email.com"},{"name":"Museum of Flight","streetAdd":"9404 East Marginal Way, S","city":"Seattle","state":"WA","zip":"98108","cause":"Museums","rating":4,"websiteURL":"http://www.museumofflight.org","photoURL":"NA","keywords":["Dream,","discover,","soar"],"category":"Arts, Culture, Humanities","phoneNumber":"204-867-5309","email":"some@email.com"},{"name":"A Contemporary Theatre","streetAdd":"Kreielsheimer Place","city":"Seattle","state":"WA","zip":"98101    ","cause":"Performing Arts","rating":1,"websiteURL":"http://www.acttheatre.org","photoURL":"NA","keywords":["In","your","life.","In","our","name.","And","on","our","stage."],"category":"Arts, Culture, Humanities","phoneNumber":"204-867-5309","email":"some@email.com"},{"name":"Encompass","streetAdd":"1407 Boalch Avenue, NW","city":"North Bend","state":"WA","zip":"98045","cause":"Children's and Family Services","rating":1,"websiteURL":"http://www.encompassnw.org/","photoURL":"NA","keywords":["Children.","Families.","Community."],"category":"Human Services","phoneNumber":"204-867-5309","email":"some@email.com"},{"name":"Northwest Harvest","streetAdd":"P.O. Box 12272","city":"Seattle","state":"WA","zip":"98102","cause":"Food Banks, Food Pantries, and Food Distribution","rating":1,"websiteURL":"http://www.northwestharvest.org","photoURL":"NA","keywords":["Hunger","Stops","Here"],"category":"Human Services","phoneNumber":"204-867-5309","email":"some@email.com"},{"name":"Blue Mountain Humane Society","streetAdd":"7 George Street","city":"Walla Walla","state":"WA","zip":"99362","cause":"Animal Rights, Welfare, and Services","rating":2,"websiteURL":"https://bluemountainhumane.org/","photoURL":"NA","keywords":["Serving","the","Walla","Walla","Valley","Since","1967"],"category":"Animals","phoneNumber":"204-867-5309","email":"some@email.com"},{"name":"Washington Environmental Council","streetAdd":"1402 Third Avenue","city":"Seattle","state":"WA","zip":"98101","cause":"Environmental Protection and Conservation","rating":4,"websiteURL":"http://www.wecprotects.org","photoURL":"NA","keywords":["Protecting","our","land,","air","and","water"],"category":"Environment","phoneNumber":"204-867-5309","email":"some@email.com"},{"name":"ArtsFund","streetAdd":"10 Harrison Street, Suite 200","city":"Seattle","state":"WA","zip":"98109","cause":"Performing Arts","rating":5,"websiteURL":"http://www.artsfund.org/","photoURL":"NA","keywords":["Supporting","the","King","and","Pierce","County","performing","arts","community"],"category":"Arts, Culture, Humanities","phoneNumber":"204-867-5309","email":"some@email.com"},{"name":"Tri-City Union Gospel Mission","streetAdd":"112 N. 2nd Avenue","city":"Pasco","state":"WA","zip":"99301","cause":"Homeless Services","rating":5,"websiteURL":"http://www.tcugm.org/","photoURL":"NA","keywords":["Saving","Lives,","Restoring","Hope,","Impacting","Community"],"category":"Human Services","phoneNumber":"204-867-5309","email":"some@email.com"},{"name":"Youth Eastside Services","streetAdd":"999 164TH Avenue NE","city":"Bellevue","state":"WA","zip":"98008","cause":"Youth Development, Shelter, and Crisis Services","rating":1,"websiteURL":"http://www.youtheastsideservices.org/index.php","photoURL":"NA","keywords":["A","Lifeline","for","Kids","and","Families"],"category":"Human Services","phoneNumber":"204-867-5309","email":"some@email.com"},{"name":"Youth Dynamics","streetAdd":"P.O. Box 486","city":"Burlington","state":"WA","zip":"98233","cause":"Religious Activities","rating":2,"websiteURL":"http://yd.org","photoURL":"NA","keywords":["Reaching","today's","youth","through","dynamic","relationships","and","challenging","experiences"],"category":"Religion","phoneNumber":"204-867-5309","email":"some@email.com"},{"name":"Pacific Northwest Ballet","streetAdd":"301 Mercer Street","city":"Seattle","state":"WA","zip":"98109","cause":"Performing Arts","rating":3,"websiteURL":"http://www.pnb.org/","photoURL":"NA","keywords":["Excellence","in","the","performing","arts"],"category":"Arts, Culture, Humanities","phoneNumber":"204-867-5309","email":"some@email.com"},{"name":"Washington Trails Association","streetAdd":"705 Second Avenue","city":"Seattle","state":"WA","zip":"98104","cause":"Environmental Protection and Conservation","rating":2,"websiteURL":"http://www.wta.org","photoURL":"NA","keywords":["Protecting","and","maintaining","our","hiking","trails"],"category":"Environment","phoneNumber":"204-867-5309","email":"some@email.com"},{"name":"Center for Infectious Disease Research","streetAdd":"307 Westlake Ave N Ste 500","city":"Seattle","state":"WA","zip":"98109","cause":"Medical Research","rating":2,"websiteURL":"http://www.cidresearch.org/","photoURL":"NA","keywords":["People.","Science.","Hope.",""],"category":"Health","phoneNumber":"204-867-5309","email":"some@email.com"},{"name":"Special Olympics Washington","streetAdd":"1809 Seventh Ave","city":"Seattle","state":"WA","zip":"98101","cause":"Multipurpose Human Service Organizations","rating":4,"websiteURL":"http://www.specialolympicswashington.org/","photoURL":"NA","keywords":["Be","a","fan"],"category":"Human Services","phoneNumber":"204-867-5309","email":"some@email.com"},{"name":"Pilchuck Glass School","streetAdd":"240 Second Avenue South","city":"Seattle","state":"WA","zip":"98104","cause":"Youth Education Programs and Services","rating":3,"websiteURL":"http://www.pilchuck.com/","photoURL":"NA","keywords":["Pilchuck","Glass","School","inspires","creativity,","transforms","individuals","and","builds","community"],"category":"Education","phoneNumber":"204-867-5309","email":"some@email.com"},{"name":"Operation Nightwatch","streetAdd":"1265 South Main Street","city":"Seattle","state":"WA","zip":"98144","cause":"Homeless Services","rating":2,"websiteURL":"http://www.seattlenightwatch.org/","photoURL":"NA","keywords":["Reducing","the","impact","of","poverty","and","homelessness"],"category":"Human Services","phoneNumber":"204-867-5309","email":"some@email.com"},{"name":"Children's Alliance","streetAdd":"718 6th Avenue South","city":"Seattle","state":"WA","zip":"98104","cause":"Social and Public Policy Research","rating":5,"websiteURL":"http://www.childrensalliance.org/","photoURL":"NA","keywords":["A","Voice","for","Washington's","Children,","Youth","&","Families"],"category":"Research and Public Policy","phoneNumber":"204-867-5309","email":"some@email.com"},{"name":"Little Bit Therapeutic Riding Center ","streetAdd":"18675 NE 106th Street","city":"Redmond","state":"WA","zip":"98052","cause":"Patient and Family Support","rating":5,"websiteURL":"http://www.littlebit.org","photoURL":"NA","keywords":["Changing","lives,","one","stride","at","a","time"],"category":"Health","phoneNumber":"204-867-5309","email":"some@email.com"},{"name":"Washington Business Week","streetAdd":"923 Powell Avenue SW","city":"Renton","state":"WA","zip":"98057","cause":"Youth Education Programs and Services","rating":1,"websiteURL":"http://wbw.org/","photoURL":"NA","keywords":["Real","World","Experience.","Life-Changing","Results."],"category":"Education","phoneNumber":"204-867-5309","email":"some@email.com"},{"name":"Ronald McDonald House Charities of Western Washington & Alaska","streetAdd":"5130 40th Avenue, NE","city":"Seattle","state":"WA","zip":"98105","cause":"Patient and Family Support","rating":2,"websiteURL":"http://www.rmhcseattle.org/","photoURL":"NA","keywords":["More","than","a","place","to","stay"],"category":"Health","phoneNumber":"204-867-5309","email":"some@email.com"},{"name":"Center for Wooden Boats","streetAdd":"1010 Valley Street","city":"Seattle","state":"WA","zip":"98109","cause":"Youth Education Programs and Services","rating":4,"websiteURL":"http://www.cwb.org","photoURL":"NA","keywords":["Changing","lives","one","boat","at","a","time."],"category":"Education","phoneNumber":"204-867-5309","email":"some@email.com"},{"name":"On the Boards","streetAdd":"100 West Roy Street","city":"Seattle","state":"WA","zip":"98119","cause":"Performing Arts","rating":1,"websiteURL":"http://www.ontheboards.org/","photoURL":"NA","keywords":["Introducing","audiences","to","international","innovators","in","contemporary","dance,","theater","and","music"],"category":"Arts, Culture, Humanities","phoneNumber":"204-867-5309","email":"some@email.com"},{"name":"Outdoors for All Foundation","streetAdd":"6344 NE 74th Street","city":"Seattle","state":"WA","zip":"98115","cause":"Multipurpose Human Service Organizations","rating":2,"websiteURL":"http://www.outdoorsforall.org","photoURL":"NA","keywords":["Enriching","the","quality","of","life","for","children","and","adults","with","disability","through","outdoor","recreation."],"category":"Human Services","phoneNumber":"204-867-5309","email":"some@email.com"},{"name":"Food Lifeline","streetAdd":"815 S 96th Street","city":"Seattle","state":"WA","zip":"98108","cause":"Food Banks, Food Pantries, and Food Distribution","rating":1,"websiteURL":"http://www.foodlifeline.org","photoURL":"NA","keywords":["Feeding","Western","Washington,","feeding","hope"],"category":"Human Services","phoneNumber":"204-867-5309","email":"some@email.com"},{"name":"Nordic Heritage Museum","streetAdd":"3014 Northwest 67th Street","city":"Seattle","state":"WA","zip":"98117","cause":"Museums","rating":1,"websiteURL":"http://www.nordicmuseum.org/","photoURL":"NA","keywords":["Share","the","Nordic","Spirit!"],"category":"Arts, Culture, Humanities","phoneNumber":"204-867-5309","email":"some@email.com"},{"name":"Plymouth Housing Group","streetAdd":"2113 Third Avenue","city":"Seattle","state":"WA","zip":"98121","cause":"Housing and Neighborhood Development","rating":4,"websiteURL":"http://www.plymouthhousing.org/","photoURL":"NA","keywords":["Building","hope,","transforming","lives"],"category":"Community Development","phoneNumber":"204-867-5309","email":"some@email.com"},{"name":"Climate Solutions","streetAdd":"1402 Third Avenue","city":"Seattle","state":"WA","zip":"98101","cause":"Environmental Protection and Conservation","rating":3,"websiteURL":"http://climatesolutions.org/","photoURL":"NA","keywords":["Accelerating","clean","energy","solutions","to","the","climate","crisis"],"category":"Environment","phoneNumber":"204-867-5309","email":"some@email.com"},{"name":"The Hope Heart Institute ","streetAdd":"PO Box 3906","city":"Bellevue","state":"WA","zip":"98009","cause":"Diseases, Disorders, and Disciplines","rating":1,"websiteURL":"http://www.hopeheart.org","photoURL":"NA","keywords":["There","is","Hope","in","the","fight","against","heart","disease."],"category":"Health","phoneNumber":"204-867-5309","email":"some@email.com"},{"name":"The Seattle Public Library Foundation","streetAdd":"1000 Fourth Avenue","city":"Seattle","state":"WA","zip":"98104","cause":"Libraries, Historical Societies and Landmark Preservation","rating":1,"websiteURL":"http://foundation.spl.org","photoURL":"NA","keywords":["Supporting","the","Seattle","Public","Library"],"category":"Arts, Culture, Humanities","phoneNumber":"204-867-5309","email":"some@email.com"},{"name":"Snow Leopard Trust","streetAdd":"4649 Sunnyside Avenue N","city":"Seattle","state":"WA","zip":"98103","cause":"Wildlife Conservation","rating":2,"websiteURL":"http://www.snowleopard.org/","photoURL":"NA","keywords":["Saving","snow","leopards","for","over","35","years"],"category":"Animals","phoneNumber":"204-867-5309","email":"some@email.com"},{"name":"PATH","streetAdd":"2201 Westlake Avenue","city":"Seattle","state":"WA","zip":"98121","cause":"Development and Relief Services","rating":3,"websiteURL":"http://www.path.org","photoURL":"NA","keywords":["A","catalyst","for","global","health"],"category":"International","phoneNumber":"204-867-5309","email":"some@email.com"},{"name":"Pet Partners","streetAdd":"875 124th Avenue NE","city":"Bellevue","state":"WA","zip":"98005","cause":"Patient and Family Support","rating":3,"websiteURL":"http://www.petpartners.org","photoURL":"NA","keywords":["Touching","Lives,","Improving","Health"],"category":"Health","phoneNumber":"204-867-5309","email":"some@email.com"},{"name":"Rural Development Institute","streetAdd":"1424 Fourth Avenue","city":"Seattle","state":"WA","zip":"98101","cause":"Development and Relief Services","rating":3,"websiteURL":"http://www.landesa.org/","photoURL":"NA","keywords":["Rural","Development","Institute"],"category":"International","phoneNumber":"204-867-5309","email":"some@email.com"},{"name":"Flying House Productions","streetAdd":"319 12th Avenue","city":"Seattle","state":"WA","zip":"98122","cause":"Performing Arts","rating":3,"websiteURL":"http://www.flyinghouse.org","photoURL":"NA","keywords":["OUR","VISION\r\nA","world","that","accepts","and","values","its","gay","and","lesbian","citizens."],"category":"Arts, Culture, Humanities","phoneNumber":"204-867-5309","email":"some@email.com"},{"name":"Wolf Haven International","streetAdd":"3111 Offut Lake Road, SE","city":"Tenino","state":"WA","zip":"98589","cause":"Wildlife Conservation","rating":4,"websiteURL":"http://www.wolfhaven.org/","photoURL":"NA","keywords":["Conserve","and","protect","wolves","and","their","habitat"],"category":"Animals","phoneNumber":"204-867-5309","email":"some@email.com"},{"name":"Seattle Aquarium ","streetAdd":"1483 Alaskan Way","city":"Seattle","state":"WA","zip":"98101","cause":"Zoos and Aquariums","rating":3,"websiteURL":"http://www.seattleaquarium.org","photoURL":"NA","keywords":["Inspiring","Conservation","of","Our","Marine","Environment"],"category":"Animals","phoneNumber":"204-867-5309","email":"some@email.com"},{"name":"LifeWire","streetAdd":"P.O. Box 6398","city":"Bellevue","state":"WA","zip":"98008","cause":"Social Services","rating":3,"websiteURL":"http://www.lifewire.org/","photoURL":"NA","keywords":["Together","Against","Domestic","Violence"],"category":"Human Services","phoneNumber":"204-867-5309","email":"some@email.com"},{"name":"Vanessa Behan Crisis Nursery","streetAdd":"1004 East Eighth Avenue","city":"Spokane","state":"WA","zip":"99202","cause":"Children's and Family Services","rating":3,"websiteURL":"http://www.vanessabehan.org/","photoURL":"NA","keywords":["Keeping","Kids","Safe"],"category":"Human Services","phoneNumber":"204-867-5309","email":"some@email.com"},{"name":"The Pike Place Market Foundation","streetAdd":"85 Pike Street","city":"Seattle","state":"WA","zip":"98101","cause":"Housing and Neighborhood Development","rating":4,"websiteURL":"http://www.pikeplacemarketfoundation.org","photoURL":"NA","keywords":["We","care","for","the","Pike","Place","Market","community"],"category":"Community Development","phoneNumber":"204-867-5309","email":"some@email.com"},{"name":"Toxic-Free Future","streetAdd":"4649 Sunnyside Avenue, N","city":"Seattle","state":"WA","zip":"98103","cause":"Environmental Protection and Conservation","rating":5,"websiteURL":"http://toxicfreefuture.org/","photoURL":"NA","keywords":["Protecting","public","health","and","the","environment"],"category":"Environment","phoneNumber":"204-867-5309","email":"some@email.com"},{"name":"KCTS Television","streetAdd":"401 Mercer Street","city":"Seattle","state":"WA","zip":"98109    ","cause":"Public Broadcasting and Media","rating":5,"websiteURL":"http://kcts9.org/","photoURL":"NA","keywords":["Quality","programs","that","inform,","involve,","and","inspire"],"category":"Arts, Culture, Humanities","phoneNumber":"204-867-5309","email":"some@email.com"},{"name":"University District Food Bank","streetAdd":"1413 Northeast 50th Street","city":"Seattle","state":"WA","zip":"98105","cause":"Food Banks, Food Pantries, and Food Distribution","rating":5,"websiteURL":"http://www.udistrictfoodbank.org/","photoURL":"NA","keywords":["Providing","individuals","and","families","with","food","and","access","to","community","resources","to","help","them","achieve","self-sufficiency."],"category":"Human Services","phoneNumber":"204-867-5309","email":"some@email.com"},{"name":"Rotary First Harvest","streetAdd":"1201 First Avenue S, Suite 327","city":"Seattle","state":"WA","zip":"98034","cause":"Food Banks, Food Pantries, and Food Distribution","rating":3,"websiteURL":"http://www.firstharvest.org/","photoURL":"NA","keywords":["370","Million","health","serving","for","the","hungry","since","1982"],"category":"Human Services","phoneNumber":"204-867-5309","email":"some@email.com"},{"name":"Agros International","streetAdd":"2225 Fourth Avenue","city":"Seattle","state":"WA","zip":"98121","cause":"Development and Relief Services","rating":5,"websiteURL":"http://www.agros.org/","photoURL":"NA","keywords":["Land.","Hope.","Life."],"category":"International","phoneNumber":"204-867-5309","email":"some@email.com"},{"name":"Clark County Food Bank","streetAdd":"6502 NE 47th Avenue","city":"Vancouver","state":"WA","zip":"98661","cause":"Food Banks, Food Pantries, and Food Distribution","rating":5,"websiteURL":"http://clarkcountyfoodbank.org/","photoURL":"NA","keywords":["Alleviate","Hunger","and","Its","Root","Causes"],"category":"Human Services","phoneNumber":"204-867-5309","email":"some@email.com"},{"name":"Northwest Folklife","streetAdd":"158 Thomas Street","city":"Seattle","state":"WA","zip":"98109","cause":"Performing Arts","rating":5,"websiteURL":"http://www.nwfolklife.org/","photoURL":"NA","keywords":["Creating","opportunities","for","all","people","to","celebrate,","share,","and","participate","in","the","evolving","traditions","of","the","Pacific","Northwest"],"category":"Arts, Culture, Humanities","phoneNumber":"204-867-5309","email":"some@email.com"},{"name":"Northwest Children's Fund","streetAdd":"2100 24th Ave South","city":"Seattle","state":"WA","zip":"98144","cause":"Children's and Family Services","rating":4,"websiteURL":"http://nwcf.org","photoURL":"NA","keywords":["Ending","the","cycle","of","child","abuse","and","neglect"],"category":"Human Services","phoneNumber":"204-867-5309","email":"some@email.com"},{"name":"Pride Foundation","streetAdd":"2014 E. Madison St ","city":"Seattle","state":"WA","zip":"98122","cause":"Advocacy and Education","rating":2,"websiteURL":"http://www.pridefoundation.org/","photoURL":"NA","keywords":["Building","a","Foundation","for","All"],"category":"Human and Civil Rights","phoneNumber":"204-867-5309","email":"some@email.com"},{"name":"North Cascades Institute","streetAdd":"810 State Route 20","city":"Sedro-Woolley","state":"WA","zip":"98284","cause":"Environmental Protection and Conservation","rating":1,"websiteURL":"http://www.ncascades.org","photoURL":"NA","keywords":["Connecting","people,","nature","and","community","since","1986"],"category":"Environment","phoneNumber":"204-867-5309","email":"some@email.com"},{"name":"Make-A-Wish Alaska and Washington","streetAdd":"811 First Avenue","city":"Seattle","state":"WA","zip":"98104","cause":"Patient and Family Support","rating":4,"websiteURL":"http://www.akwa.wish.org","photoURL":"NA","keywords":["Share","the","power","of","a","wish"],"category":"Health","phoneNumber":"204-867-5309","email":"some@email.com"},{"name":"Abused Deaf Women's Advocacy Services","streetAdd":"8623 Roosevelt Way, NE.","city":"Seattle","state":"WA","zip":"98115","cause":"Social Services","rating":1,"websiteURL":"http://www.adwas.org/","photoURL":"NA","keywords":["Striving","towards","a","healthy","community","that","is","free","of","violence","and","oppression."],"category":"Human Services","phoneNumber":"204-867-5309","email":"some@email.com"},{"name":"Habitat for Humanity Seattle King County","streetAdd":"560 Naches Avenue SW","city":"Renton","state":"WA","zip":"98057","cause":"Housing and Neighborhood Development","rating":5,"websiteURL":"http://www.habitatskc.org","photoURL":"NA","keywords":["Building","homes,","communities","and","hope"],"category":"Community Development","phoneNumber":"204-867-5309","email":"some@email.com"},{"name":"Virginia Mason Health System","streetAdd":"1100 Ninth Avenue","city":"Seattle","state":"WA","zip":"98101","cause":"Treatment and Prevention Services","rating":3,"websiteURL":"http://www.virginiamason.org","photoURL":"NA","keywords":["Advancing","and","supporting","healthcare","and","research"],"category":"Health","phoneNumber":"204-867-5309","email":"some@email.com"},{"name":"Artist Trust","streetAdd":"1835 12th Ave","city":"Seattle","state":"WA","zip":"98122","cause":"Performing Arts","rating":1,"websiteURL":"http://artisttrust.org/","photoURL":"NA","keywords":["Dedicated","to","supporting","Washington","State","artists","working","in","all","creative","disciplines"],"category":"Arts, Culture, Humanities","phoneNumber":"204-867-5309","email":"some@email.com"},{"name":"Northwest Organization for Animal Help","streetAdd":"31300 Brandstrom Road","city":"Stanwood","state":"WA","zip":"98292","cause":"Animal Rights, Welfare, and Services","rating":4,"websiteURL":"http://www.thenoahcenter.org/","photoURL":"NA","keywords":["Building","a","bond","for","life"],"category":"Animals","phoneNumber":"204-867-5309","email":"some@email.com"},{"name":"Northwest Immigrant Rights Project","streetAdd":"615 Second Avenue, Suite 400","city":"Seattle","state":"WA","zip":"98104","cause":"Advocacy and Education","rating":1,"websiteURL":"http://www.nwirp.org","photoURL":"NA","keywords":["Immigrant","Rights","are","Human","Rights"],"category":"Human and Civil Rights","phoneNumber":"204-867-5309","email":"some@email.com"},{"name":"Children's Hospital Guild Association","streetAdd":"PO Box 5371 / S-200","city":"Seattle","state":"WA","zip":"98145","cause":"Treatment and Prevention Services","rating":1,"websiteURL":"http://www.seattlechildrens.org/ways-to-help/guilds/","photoURL":"NA","keywords":["Supporting","Seattle's","Children's","Hospital"],"category":"Health","phoneNumber":"204-867-5309","email":"some@email.com"},{"name":"Hands on Children's Museum","streetAdd":"414 Jefferson Street NE","city":"Olympia","state":"WA","zip":"98501","cause":"Museums","rating":1,"websiteURL":"http://www.hocm.org/","photoURL":"NA","keywords":["Stimulating","curiosity,","creativity","and","learning"],"category":"Arts, Culture, Humanities","phoneNumber":"204-867-5309","email":"some@email.com"},{"name":"Building Changes","streetAdd":"1200 12th Avenue South","city":"Seattle","state":"WA","zip":"98144","cause":"Homeless Services","rating":4,"websiteURL":"http://buildingchanges.org/","photoURL":"NA","keywords":["Everyone","has","a","home","and","the","opportunity","for","a","healthy,","fulfilling","life"],"category":"Human Services","phoneNumber":"204-867-5309","email":"some@email.com"},{"name":"Treehouse, Washington","streetAdd":"2100 24th Avenue South","city":"Seattle","state":"WA","zip":"98144","cause":"Children's and Family Services","rating":3,"websiteURL":"http://www.treehouseforkids.org","photoURL":"NA","keywords":["Giving","foster","kids","a","childhood","and","a","future"],"category":"Human Services","phoneNumber":"204-867-5309","email":"some@email.com"},{"name":"Bainbridge Schools Foundation","streetAdd":"8489 Madison Avenue","city":"Bainbridge Island","state":"WA","zip":"98110","cause":"Scholarship and Financial Support","rating":2,"websiteURL":"http://bainbridgeschoolsfoundation.com/","photoURL":"NA","keywords":["Inspiring","parents,","community","members,","civic","organizations","and","businesses","to","enhance","education"],"category":"Education","phoneNumber":"204-867-5309","email":"some@email.com"},{"name":"Ballard Food Bank","streetAdd":"5130 Leary Avenue, NW","city":"Seattle","state":"WA","zip":"98107","cause":"Food Banks, Food Pantries, and Food Distribution","rating":2,"websiteURL":"http://www.ballardfoodbank.org/","photoURL":"NA","keywords":["Neighbors","helping","neighbors"],"category":"Human Services","phoneNumber":"204-867-5309","email":"some@email.com"},{"name":"National Bureau of Asian Research","streetAdd":"1414 Northeast 42nd Street","city":"Seattle","state":"WA","zip":"98105","cause":"Social and Public Policy Research","rating":5,"websiteURL":"http://www.nbr.org/","photoURL":"NA","keywords":["Advancing","independent","research","on","issues","affecting","U.S.","relations","with","Asia."],"category":"Research and Public Policy","phoneNumber":"204-867-5309","email":"some@email.com"},{"name":"West Seattle Food Bank","streetAdd":"3419 Southwest Morgan Street","city":"Seattle","state":"WA","zip":"98126","cause":"Food Banks, Food Pantries, and Food Distribution","rating":4,"websiteURL":"http://www.westseattlefoodbank.org/","photoURL":"NA","keywords":["Providing","food","security","and","community","connections","to","our","neighbors","in","need."],"category":"Human Services","phoneNumber":"204-867-5309","email":"some@email.com"},{"name":"North Helpline","streetAdd":"12736 33rd Avenue NE","city":"Seattle","state":"WA","zip":"98125","cause":"Food Banks, Food Pantries, and Food Distribution","rating":1,"websiteURL":"http://www.northhelpline.org/","photoURL":"NA","keywords":["Making","sure","our","neighbors","have","food","on","the","table","and","a","roof","over","their","heads"],"category":"Human Services","phoneNumber":"204-867-5309","email":"some@email.com"},{"name":"Spokane Valley Partners","streetAdd":"10814 East Broadway Avenue","city":"Spokane Valley","state":"WA","zip":"99206","cause":"Social Services","rating":3,"websiteURL":"http://svpart.org/","photoURL":"NA","keywords":["Food,","clothing","&","services","for","self-reliance"],"category":"Human Services","phoneNumber":"204-867-5309","email":"some@email.com"},{"name":"Whidbey Animals Improvement Foundation","streetAdd":"60 Rhododendron Park Road","city":"Coupeville","state":"WA","zip":"98239","cause":"Animal Rights, Welfare, and Services","rating":3,"websiteURL":"https://www.waifanimals.org/","photoURL":"NA","keywords":["Saving","and","protecting","companion","animals"],"category":"Animals","phoneNumber":"204-867-5309","email":"some@email.com"},{"name":"SIFF","streetAdd":"305 Harrison Street","city":"Seattle","state":"WA","zip":"98109","cause":"Performing Arts","rating":4,"websiteURL":"http://www.siff.net/","photoURL":"NA","keywords":["Cinema,","Festival,","Education"],"category":"Arts, Culture, Humanities","phoneNumber":"204-867-5309","email":"some@email.com"},{"name":"Vision House","streetAdd":"P.O. Box 2951","city":"Renton","state":"WA","zip":"98056","cause":"Homeless Services","rating":5,"websiteURL":"http://www.NoHomelessKids.org","photoURL":"NA","keywords":["Building","hope.","Restoring","lives."],"category":"Human Services","phoneNumber":"204-867-5309","email":"some@email.com"},{"name":"Cocoon House","streetAdd":"2929 Pine Street","city":"Everett","state":"WA","zip":"98201","cause":"Youth Development, Shelter, and Crisis Services","rating":1,"websiteURL":"http://www.cocoonhouse.org/","photoURL":"NA","keywords":["Because","every","child","needs","a","home"],"category":"Human Services","phoneNumber":"204-867-5309","email":"some@email.com"},{"name":"Alliance for Education","streetAdd":"509 Olive Way","city":"Seattle","state":"WA","zip":"98101    ","cause":"Scholarship and Financial Support","rating":1,"websiteURL":"http://www.alliance4ed.org","photoURL":"NA","keywords":["Helping","every","child","in","Seattle","Public","Schools","achieve","academic","success"],"category":"Education","phoneNumber":"204-867-5309","email":"some@email.com"},{"name":"Book-It Repertory Theatre","streetAdd":"158 Thomas Street","city":"Seattle","state":"WA","zip":"98109","cause":"Performing Arts","rating":5,"websiteURL":"http://book-it.org/","photoURL":"NA","keywords":["Literature,","Meet","Theatre."],"category":"Arts, Culture, Humanities","phoneNumber":"204-867-5309","email":"some@email.com"},{"name":"Discovery Institute","streetAdd":"208 Columbia Street","city":"Seattle","state":"WA","zip":"98104","cause":"Social and Public Policy Research","rating":1,"websiteURL":"http://www.discovery.org/","photoURL":"NA","keywords":["Advancing","a","culture","of","purpose,","creativity","and","innovation."],"category":"Research and Public Policy","phoneNumber":"204-867-5309","email":"some@email.com"},{"name":"Mountains to Sound Greenway Trust","streetAdd":"2701 First Avenue, Suite 240","city":"Seattle","state":"WA","zip":"98121","cause":"Environmental Protection and Conservation","rating":3,"websiteURL":"http://mtsgreenway.org","photoURL":"NA","keywords":["Linking","forests,","trails,","wildlife,","and","history","along","I-90"],"category":"Environment","phoneNumber":"204-867-5309","email":"some@email.com"},{"name":"FareStart","streetAdd":"700 Virginia Street","city":"Seattle","state":"WA","zip":"98106","cause":"Social Services","rating":5,"websiteURL":"http://www.farestart.org","photoURL":"NA","keywords":["Great","food.","Better","lives."],"category":"Human Services","phoneNumber":"204-867-5309","email":"some@email.com"},{"name":"Partnership for Learning","streetAdd":"520 Pike Street","city":"Seattle","state":"WA","zip":"98101","cause":"Education Policy and Reform","rating":4,"websiteURL":"http://partnership4learning.org","photoURL":"NA","keywords":["Student","success","is","at","the","heart","of","our","work"],"category":"Education","phoneNumber":"204-867-5309","email":"some@email.com"},{"name":"IberoAmerican Ministries","streetAdd":"212 E Main Street Unit B","city":"Monroe","state":"WA","zip":"98272","cause":"Religious Activities","rating":3,"websiteURL":"http://www.iamweb.org/home.html","photoURL":"NA","keywords":["To","plant","churches","and","provide","humanitarian","services","resulting","in","people","movements","that","reveal","God's","glory","among","the","nations."],"category":"Religion","phoneNumber":"204-867-5309","email":"some@email.com"},{"name":"Esperanza International Foundation","streetAdd":"13219 NE 20th Street","city":"Bellevue","state":"WA","zip":"98005","cause":"Development and Relief Services","rating":3,"websiteURL":"http://www.esperanza.org","photoURL":"NA","keywords":["Leading","the","way","to","future","with","hope"],"category":"International","phoneNumber":"204-867-5309","email":"some@email.com"},{"name":"Boys & Girls Clubs of South Puget Sound","streetAdd":"3875 South 66th St","city":"Tacoma","state":"WA","zip":"98409","cause":"Youth Development, Shelter, and Crisis Services","rating":3,"websiteURL":"http://www.bgcsps.org/","photoURL":"NA","keywords":["Great","futures","start","here"],"category":"Human Services","phoneNumber":"204-867-5309","email":"some@email.com"},{"name":"Washington Low Income Housing Alliance","streetAdd":"1411 Fourth Avenue","city":"Seattle","state":"WA","zip":"98101","cause":"Social and Public Policy Research","rating":3,"websiteURL":"http://www.wliha.org/","photoURL":"NA","keywords":["Leading","the","movement","to","ensure","that","all","our","residents","thrive","in","safe,","healthy,","affordable","homes."],"category":"Research and Public Policy","phoneNumber":"204-867-5309","email":"some@email.com"},{"name":"Page Ahead Children's Literacy Program","streetAdd":"1130 NW 85th Street","city":"Seattle","state":"WA","zip":"98117","cause":"Early Childhood Programs and Services","rating":3,"websiteURL":"http://pageahead.org","photoURL":"NA","keywords":["Giving","kids","in","need","the","chance","to","read"],"category":"Education","phoneNumber":"204-867-5309","email":"some@email.com"},{"name":"World Outreach Ministry Foundation","streetAdd":"P.O. Box 7022","city":"Bonney Lake","state":"WA","zip":"98391","cause":"Religious Activities","rating":1,"websiteURL":"http://womf.org/","photoURL":"NA","keywords":["Reaching","the","lost,","whatever","the","cost"],"category":"Religion","phoneNumber":"204-867-5309","email":"some@email.com"},{"name":"Eastside Baby Corner","streetAdd":"1510 Northwest Maple Street","city":"Issaquah","state":"WA","zip":"98027","cause":"Children's and Family Services","rating":3,"websiteURL":"http://babycorner.org/","photoURL":"NA","keywords":["Giving","kids","what","they","need","to","thrive."],"category":"Human Services","phoneNumber":"204-867-5309","email":"some@email.com"},{"name":"People's Action Institute","streetAdd":"3518 South Edmunds Street","city":"Seattle","state":"WA","zip":"98118","cause":"Advocacy and Education","rating":5,"websiteURL":"https://peoplesaction.org/","photoURL":"NA","keywords":["Taking","Action,","Making","Change."],"category":"Human and Civil Rights","phoneNumber":"204-867-5309","email":"some@email.com"},{"name":"SeaShare","streetAdd":"600 Ericksen Avenue NE","city":"Bainbridge Island","state":"WA","zip":"98110","cause":"Food Banks, Food Pantries, and Food Distribution","rating":5,"websiteURL":"http://www.seashare.org","photoURL":"NA","keywords":["The","seafood","industry's","answer","to","hunger"],"category":"Human Services","phoneNumber":"204-867-5309","email":"some@email.com"},{"name":"Forward Edge International","streetAdd":"15121-A Northeast 72nd Avenue","city":"Vancouver","state":"WA","zip":"98686","cause":"Religious Activities","rating":1,"websiteURL":"http://www.forwardedge.org","photoURL":"NA","keywords":["Live","Your","Mission"],"category":"Religion","phoneNumber":"204-867-5309","email":"some@email.com"},{"name":"Museum of Glass","streetAdd":"1801 Dock Street","city":"Tacoma","state":"WA","zip":"98402","cause":"Museums","rating":1,"websiteURL":"http://www.museumofglass.org","photoURL":"NA","keywords":["Hot","glass.","Cool","art."],"category":"Arts, Culture, Humanities","phoneNumber":"204-867-5309","email":"some@email.com"},{"name":"Save Our Wild Salmon","streetAdd":"811 First Avenue","city":"Seattle","state":"WA","zip":"98104","cause":"Wildlife Conservation","rating":2,"websiteURL":"http://www.wildsalmon.org/","photoURL":"NA","keywords":["Restoring","wild","salmon,","creating","family-wage","jobs,","and","developing","clean","energy"],"category":"Animals","phoneNumber":"204-867-5309","email":"some@email.com"},{"name":"Olympia Union Gospel Mission","streetAdd":"413 Franklin Street NE","city":"Olympia","state":"WA","zip":"98501","cause":"Homeless Services","rating":4,"websiteURL":"http://ougm.org/","photoURL":"NA","keywords":["Restoring","hope.","Transforming","lives."],"category":"Human Services","phoneNumber":"204-867-5309","email":"some@email.com"},{"name":"Mobius Spokane","streetAdd":"808 West Main Avenue","city":"Spokane","state":"WA","zip":"99201","cause":"Museums","rating":3,"websiteURL":"http://mobiusspokane.org/","photoURL":"NA","keywords":["Sparking","curiosity,","igniting","imagination"],"category":"Arts, Culture, Humanities","phoneNumber":"204-867-5309","email":"some@email.com"},{"name":"Children of the Nations","streetAdd":"11992 Clear Creek Road","city":"Silverdale","state":"WA","zip":"98383","cause":"Development and Relief Services","rating":1,"websiteURL":"http://www.cotni.org/","photoURL":"NA","keywords":["Raising","children","who","transform","nations"],"category":"International","phoneNumber":"204-867-5309","email":"some@email.com"},{"name":"Ventures","streetAdd":"2100 24th Avenue South","city":"Seattle","state":"WA","zip":"98144","cause":"Housing and Neighborhood Development","rating":3,"websiteURL":"http://www.venturesnonprofit.org/","photoURL":"NA","keywords":["Building","businesses,","changing","lives.",""],"category":"Community Development","phoneNumber":"204-867-5309","email":"some@email.com"},{"name":"Alliance for Children Everywhere","streetAdd":"P.O. Box 55145","city":"Seattle","state":"WA","zip":"98155","cause":"Development and Relief Services","rating":4,"websiteURL":"http://www.childreneverywhere.org","photoURL":"NA","keywords":["Helping","children","in","crisis"],"category":"International","phoneNumber":"204-867-5309","email":"some@email.com"},{"name":"Positive Futures Network (YES! Magazine)","streetAdd":"284 Madrona Way NE","city":"Bainbridge Island","state":"WA","zip":"98110","cause":"Public Broadcasting and Media","rating":5,"websiteURL":"http://www.yesmagazine.org","photoURL":"NA","keywords":["Powerful","Ideas,","Practical","Actions"],"category":"Arts, Culture, Humanities","phoneNumber":"204-867-5309","email":"some@email.com"},{"name":"Marine Conservation Institute","streetAdd":" 4010 Stone Way N","city":"Seattle","state":"WA","zip":"98103","cause":"Environmental Protection and Conservation","rating":5,"websiteURL":"http://www.marine-conservation.org","photoURL":"NA","keywords":["\"Saving","wild","ocean","places,","for","us","and","future","generations\"",""],"category":"Environment","phoneNumber":"204-867-5309","email":"some@email.com"},{"name":"TAF","streetAdd":"605 SW 108th Street","city":"Seattle","state":"WA","zip":"98146","cause":"Youth Education Programs and Services","rating":1,"websiteURL":"http://techaccess.org/","photoURL":"NA","keywords":["Equipping","Students","For","Success"],"category":"Education","phoneNumber":"204-867-5309","email":"some@email.com"},{"name":"Washington Policy Center","streetAdd":"3404 Fourth Avenue, South","city":"Seattle","state":"WA","zip":"98134","cause":"Social and Public Policy Research","rating":3,"websiteURL":"http://www.washingtonpolicy.org/","photoURL":"NA","keywords":["Improving","lives","through","market","solutions"],"category":"Research and Public Policy","phoneNumber":"204-867-5309","email":"some@email.com"},{"name":"FamilyWorks","streetAdd":"1501 North 45th Street","city":"Seattle","state":"WA","zip":"98103","cause":"Social Services","rating":2,"websiteURL":"http://www.familyworksseattle.org/","photoURL":"NA","keywords":["Nourishing.","Connecting.","Empowering."],"category":"Human Services","phoneNumber":"204-867-5309","email":"some@email.com"},{"name":"Pasado's Safe Haven","streetAdd":"P.O. Box 171","city":"Sultan","state":"WA","zip":"98294","cause":"Animal Rights, Welfare, and Services","rating":2,"websiteURL":"http://www.pasadosafehaven.org/","photoURL":"NA","keywords":["Pro","animal.","Anti","Cruelty."],"category":"Animals","phoneNumber":"204-867-5309","email":"some@email.com"},{"name":"America's Car Museum","streetAdd":"2702 East D Street","city":"Tacoma","state":"WA","zip":"98421","cause":"Museums","rating":2,"websiteURL":"https://www.americascarmuseum.org/","photoURL":"NA","keywords":["Preserving","and","promoting","America's","automotive","heritage"],"category":"Arts, Culture, Humanities","phoneNumber":"204-867-5309","email":"some@email.com"},{"name":"Habitat for Humanity of East Jefferson County","streetAdd":"2001 West Sims Way","city":"Port Townsend","state":"WA","zip":"98368","cause":"Housing and Neighborhood Development","rating":3,"websiteURL":"http://www.habitatejc.org/","photoURL":"NA","keywords":["Building","homes,","communities","and","hope"],"category":"Community Development","phoneNumber":"204-867-5309","email":"some@email.com"},{"name":"Social Venture Partners","streetAdd":"220 2nd Avenue South","city":"Seattle","state":"WA","zip":"98104","cause":"Social and Public Policy Research","rating":1,"websiteURL":"http://www.socialventurepartners.org/","photoURL":"NA","keywords":["A","global","network","of","local","partners","aligning","passion","and","purpose."],"category":"Research and Public Policy","phoneNumber":"204-867-5309","email":"some@email.com"},{"name":"Town Hall","streetAdd":"1119 Eighth Avenue","city":"Seattle","state":"WA","zip":"98101","cause":"Performing Arts","rating":4,"websiteURL":"http://www.townhallseattle.org/","photoURL":"NA","keywords":["Seattle's","community","cultural","center"],"category":"Arts, Culture, Humanities","phoneNumber":"204-867-5309","email":"some@email.com"},{"name":"Shared Hope International","streetAdd":"P.O. Box 65337","city":"Vancouver","state":"WA","zip":"98665","cause":"International Peace, Security, and Affairs","rating":2,"websiteURL":"http://www.sharedhope.org","photoURL":"NA","keywords":["Leading","a","worldwide","effort","to","eradicate","sexual","slavery",".",".",".one","life","at","a","time"],"category":"International","phoneNumber":"204-867-5309","email":"some@email.com"},{"name":"SIGN Fracture Care International","streetAdd":"451 Hills Street","city":"Richland","state":"WA","zip":"99354","cause":"Development and Relief Services","rating":2,"websiteURL":"http://signfracturecare.org/","photoURL":"NA","keywords":["The","Right","Treatment","Changes","Everything"],"category":"International","phoneNumber":"204-867-5309","email":"some@email.com"},{"name":"Boys & Girls Clubs of Southwest Washington","streetAdd":"1111 Main Street","city":"Vancouver","state":"WA","zip":"98660","cause":"Youth Development, Shelter, and Crisis Services","rating":1,"websiteURL":"http://www.mybgc.org/","photoURL":"NA","keywords":["Enabling","all","young","people","to","realize","their","full","potential","as","productive,","caring","and","responsible","citizens"],"category":"Human Services","phoneNumber":"204-867-5309","email":"some@email.com"},{"name":"Boys & Girls Club of Spokane County","streetAdd":"544 East Providence Avenue","city":"Spokane","state":"WA","zip":"99207","cause":"Youth Development, Shelter, and Crisis Services","rating":2,"websiteURL":"http://www.bgcspokanecounty.org/","photoURL":"NA","keywords":["To","enable","all","young","people,","especially","those","who","need","us","most,","to","reach","their","full","potential","as","productive,","caring","and","responsible","citizens."],"category":"Human Services","phoneNumber":"204-867-5309","email":"some@email.com"},{"name":"Seattle Parks Foundation","streetAdd":"105 South Main Street","city":"Seattle","state":"WA","zip":"98104","cause":"Botanical Gardens, Parks, and Nature Centers","rating":1,"websiteURL":"https://seattleparksfoundation.org/","photoURL":"NA","keywords":["Connecting","Seattle","through","Public","Space."],"category":"Environment","phoneNumber":"204-867-5309","email":"some@email.com"},{"name":"Rainier Scholars","streetAdd":"2100 24th Ave South","city":"Seattle","state":"WA","zip":"98144","cause":"Youth Education Programs and Services","rating":5,"websiteURL":"http://www.rainierscholars.org/","photoURL":"NA","keywords":["Stretching","minds...Launching","futures."],"category":"Education","phoneNumber":"204-867-5309","email":"some@email.com"},{"name":"Friends of the Children - Seattle","streetAdd":"P.O. Box 18886","city":"Seattle","state":"WA","zip":"98118","cause":"Youth Development, Shelter, and Crisis Services","rating":3,"websiteURL":"http://friendsseattle.org","photoURL":"NA","keywords":["Generational","Change,","One","Child","At","A","Time",""],"category":"Human Services","phoneNumber":"204-867-5309","email":"some@email.com"},{"name":"Mockingbird Society","streetAdd":"2100 24th Ave South","city":"Seattle","state":"WA","zip":"98144","cause":"Children's and Family Services","rating":5,"websiteURL":"http://mockingbirdsociety.org/","photoURL":"NA","keywords":["Building","a","world-class","foster","care","system"],"category":"Human Services","phoneNumber":"204-867-5309","email":"some@email.com"},{"name":"KUOW Puget Sound Public Radio","streetAdd":"4518 University Way, NE","city":"Seattle","state":"WA","zip":"98105","cause":"Public Broadcasting and Media","rating":1,"websiteURL":"http://www.kuow.org/","photoURL":"NA","keywords":["Creating","and","serving","an","informed","public"],"category":"Arts, Culture, Humanities","phoneNumber":"204-867-5309","email":"some@email.com"},{"name":"VillageReach","streetAdd":"2900 Eastlake Avenue East","city":"Seattle","state":"WA","zip":"98102","cause":"Development and Relief Services","rating":2,"websiteURL":"http://www.villagereach.org","photoURL":"NA","keywords":["Starting","at","the","Last","Mile."],"category":"International","phoneNumber":"204-867-5309","email":"some@email.com"},{"name":"WestSide Baby","streetAdd":"10002 14th Avenue SW","city":"Seattle","state":"WA","zip":"98146","cause":"Children's and Family Services","rating":1,"websiteURL":"http://westsidebaby.org/","photoURL":"NA","keywords":["basics","for","children","in","need."],"category":"Human Services","phoneNumber":"204-867-5309","email":"some@email.com"},{"name":"Boys & Girls Clubs of Thurston County","streetAdd":"2424 Heritage Court SW","city":"Olympia","state":"WA","zip":"98502","cause":"Youth Development, Shelter, and Crisis Services","rating":3,"websiteURL":"http://www.bgctc.org/","photoURL":"NA","keywords":["Inspiring","and","enabling","youth","to","realize","their","greatness"],"category":"Human Services","phoneNumber":"204-867-5309","email":"some@email.com"},{"name":"League of Education Voters Foundation","streetAdd":"2734 Westlake Avenue North","city":"Seattle","state":"WA","zip":"98109","cause":"Education Policy and Reform","rating":1,"websiteURL":"http://educationvoters.org","photoURL":"NA","keywords":["Working","on","behalf","of","students."],"category":"Education","phoneNumber":"204-867-5309","email":"some@email.com"},{"name":"Boreal Songbird Initiative","streetAdd":"1904 Third Avenue","city":"Seattle","state":"WA","zip":"98101","cause":"Wildlife Conservation","rating":4,"websiteURL":"http://www.borealbirds.org/","photoURL":"NA","keywords":["Keep","the","Forest","Singing"],"category":"Animals","phoneNumber":"204-867-5309","email":"some@email.com"},{"name":"Seattle Audubon Society","streetAdd":"8050 35th Avenue, NE","city":"Seattle","state":"WA","zip":"98115","cause":"Environmental Protection and Conservation","rating":2,"websiteURL":"http://www.seattleaudubon.org/","photoURL":"NA","keywords":["For","birds","and","nature"],"category":"Environment","phoneNumber":"204-867-5309","email":"some@email.com"},{"name":"CRISTA Ministries","streetAdd":"19303 Fremont Avenue North","city":"Seattle","state":"WA","zip":"98133","cause":"Religious Activities","rating":4,"websiteURL":"http://www.crista.org","photoURL":"NA","keywords":["Loving","God","by","serving","people"],"category":"Religion","phoneNumber":"204-867-5309","email":"some@email.com"},{"name":"Seattle Foundation","streetAdd":"1601 Fifth Avenue","city":"Seattle","state":"WA","zip":"98101    ","cause":"Community Foundations","rating":3,"websiteURL":"http://www.seattlefoundation.org","photoURL":"NA","keywords":["the","heart","&","science","of","philanthropy"],"category":"Community Development","phoneNumber":"204-867-5309","email":"some@email.com"},{"name":"Symphony Tacoma","streetAdd":"901 Broadway","city":"Tacoma","state":"WA","zip":"98402","cause":"Performing Arts","rating":4,"websiteURL":"https://symphonytacoma.org/","photoURL":"NA","keywords":["Building","Community","Through","Music"],"category":"Arts, Culture, Humanities","phoneNumber":"204-867-5309","email":"some@email.com"},{"name":"Bread of Life Mission","streetAdd":"97 S. Main Street","city":"Seattle","state":"WA","zip":"98104","cause":"Homeless Services","rating":1,"websiteURL":"http://www.breadoflifemission.org/","photoURL":"NA","keywords":["Restoring","dignity","and","hope"],"category":"Human Services","phoneNumber":"204-867-5309","email":"some@email.com"},{"name":"Girl Scouts of Western Washington","streetAdd":"601 Valley Street","city":"Seattle","state":"WA","zip":"98109","cause":"Youth Development, Shelter, and Crisis Services","rating":2,"websiteURL":"http://www.girlscoutsww.org/","photoURL":"NA","keywords":["Where","girls","grow","strong"],"category":"Human Services","phoneNumber":"204-867-5309","email":"some@email.com"},{"name":"The Zoo Society","streetAdd":"5400 North Pearl Street","city":"Tacoma","state":"WA","zip":"98407","cause":"Zoos and Aquariums","rating":3,"websiteURL":"http://www.pdza.org/zoo-society","photoURL":"NA","keywords":["Supporting","the","Point","Defiance","Zoo","&","Aquarium"],"category":"Animals","phoneNumber":"204-867-5309","email":"some@email.com"},{"name":"The Wing Luke Museum of the Asian Pacific American Experience","streetAdd":"719 South King Street","city":"Seattle","state":"WA","zip":"98104","cause":"Museums","rating":4,"websiteURL":"http://www.wingluke.org/","photoURL":"NA","keywords":["Step","into","a","uniquely","American","story"],"category":"Arts, Culture, Humanities","phoneNumber":"204-867-5309","email":"some@email.com"},{"name":"Woodland Park Zoo","streetAdd":"5500 Phinney Ave N","city":"Seattle","state":"WA","zip":"98103    ","cause":"Zoos and Aquariums","rating":2,"websiteURL":"http://www.zoo.org","photoURL":"NA","keywords":["Inspiring","people","to","learn,","care","and","act"],"category":"Animals","phoneNumber":"204-867-5309","email":"some@email.com"},{"name":"PAWS (Progressive Animal Welfare Society)","streetAdd":"15305 44th Ave W","city":"Lynnwood","state":"WA","zip":"98087","cause":"Animal Rights, Welfare, and Services","rating":3,"websiteURL":"http://www.paws.org","photoURL":"NA","keywords":["People","helping","animals"],"category":"Animals","phoneNumber":"204-867-5309","email":"some@email.com"},{"name":"Cancer Lifeline","streetAdd":"Dorothy S. O'Brien Center","city":"Seattle","state":"WA","zip":"98103","cause":"Patient and Family Support","rating":4,"websiteURL":"http://www.cancerlifeline.org/","photoURL":"NA","keywords":["Optimizing","the","quality","of","life","for","all","people","living","with","cancer"],"category":"Health","phoneNumber":"204-867-5309","email":"some@email.com"},{"name":"Medic One Foundation","streetAdd":"Mail Stop 359747","city":"Seattle","state":"WA","zip":"98104","cause":"Medical Research","rating":2,"websiteURL":"http://www.mediconefoundation.org","photoURL":"NA","keywords":["Your","gift,","saving","more","lives"],"category":"Health","phoneNumber":"204-867-5309","email":"some@email.com"},{"name":"Second Amendment Foundation","streetAdd":"James Madison Building","city":"Bellevue","state":"WA","zip":"98005","cause":"Advocacy and Education","rating":1,"websiteURL":"http://www.saf.org/","photoURL":"NA","keywords":["Promoting","a","better","understanding","about","our","Constitutional","heritage","to","privately","own","and","possess","firearms"],"category":"Human and Civil Rights","phoneNumber":"204-867-5309","email":"some@email.com"},{"name":"American Lung Association of the Mountain Pacific","streetAdd":"822 John Street","city":"Seattle","state":"WA","zip":"98109","cause":"Diseases, Disorders, and Disciplines","rating":1,"websiteURL":"http://www.lung.org/","photoURL":"NA","keywords":["Fighting","for","Air"],"category":"Health","phoneNumber":"204-867-5309","email":"some@email.com"},{"name":"International Children's Care","streetAdd":"2711 Northeast 134th Way","city":"Vancouver","state":"WA","zip":"98686","cause":"Development and Relief Services","rating":4,"websiteURL":"http://www.forhiskids.org/","photoURL":"NA","keywords":["Bringing","orphans","new","life"],"category":"International","phoneNumber":"204-867-5309","email":"some@email.com"},{"name":"Project Patch","streetAdd":"5139 NE 94th Avenue","city":"Vancouver","state":"WA","zip":"98662","cause":"Youth Development, Shelter, and Crisis Services","rating":2,"websiteURL":"http://www.projectpatch.org","photoURL":"NA","keywords":["Restoring","Troubled","Youth,","Building","Strong","Families"],"category":"Human Services","phoneNumber":"204-867-5309","email":"some@email.com"},{"name":"All God's Children International","streetAdd":"1400 NE 136th Avenue","city":"Vancouver","state":"WA","zip":"98684","cause":"Development and Relief Services","rating":5,"websiteURL":"http://allgodschildren.org","photoURL":"NA","keywords":["Adoption","|","Orphan","Care","|","Missions"],"category":"International","phoneNumber":"204-867-5309","email":"some@email.com"},{"name":"Children's Museum of Tacoma","streetAdd":"1501 Pacific Avenue","city":"Tacoma","state":"WA","zip":"98402","cause":"Museums","rating":2,"websiteURL":"http://www.playtacoma.org/","photoURL":"NA","keywords":["To","learn,","grow,","and","thrive."],"category":"Arts, Culture, Humanities","phoneNumber":"204-867-5309","email":"some@email.com"},{"name":"Issaquah Schools Foundation","streetAdd":"400 First Avenue, SE","city":"Issaquah","state":"WA","zip":"98027","cause":"Scholarship and Financial Support","rating":1,"websiteURL":"http://isfdn.org/","photoURL":"NA","keywords":["Helping","students","succeed"],"category":"Education","phoneNumber":"204-867-5309","email":"some@email.com"},{"name":"Stronger Families","streetAdd":"12015 115th Avenue NE","city":"Kirkland","state":"WA","zip":"98034","cause":"Children's and Family Services","rating":4,"websiteURL":"https://www.strongerfamilies.com/","photoURL":"NA","keywords":["Oxygen","for","your","Relationships"],"category":"Human Services","phoneNumber":"204-867-5309","email":"some@email.com"},{"name":"Conservation Northwest","streetAdd":"1208 Bay Street","city":"Bellingham","state":"WA","zip":"98225    ","cause":"Environmental Protection and Conservation","rating":1,"websiteURL":"http://www.conservationnw.org/","photoURL":"NA","keywords":["Keeping","the","Northwest","wild"],"category":"Environment","phoneNumber":"204-867-5309","email":"some@email.com"},{"name":"First Place","streetAdd":"P.O. Box 22536","city":"Seattle","state":"WA","zip":"98122","cause":"Youth Education Programs and Services","rating":1,"websiteURL":"http://fpscholars.org/","photoURL":"NA","keywords":["Hope,","home,","and","education"],"category":"Education","phoneNumber":"204-867-5309","email":"some@email.com"},{"name":"Emergency Food Network","streetAdd":"3318 92nd Street South","city":"Lakewood","state":"WA","zip":"98499","cause":"Food Banks, Food Pantries, and Food Distribution","rating":1,"websiteURL":"http://www.efoodnet.org/","photoURL":"NA","keywords":["So","that","no","person","goes","hungry.",""],"category":"Human Services","phoneNumber":"204-867-5309","email":"some@email.com"},{"name":"Freedom Foundation","streetAdd":"P.O. Box 552","city":"Olympia","state":"WA","zip":"98507","cause":"Social and Public Policy Research","rating":1,"websiteURL":"http://myfreedomfoundation.com/","photoURL":"NA","keywords":["Because","people","want","to","be","free."],"category":"Research and Public Policy","phoneNumber":"204-867-5309","email":"some@email.com"},{"name":"Imagine Children's Museum","streetAdd":"1502 Wall Street","city":"Everett","state":"WA","zip":"98201","cause":"Museums","rating":2,"websiteURL":"http://www.imaginecm.org/","photoURL":"NA","keywords":["Making","children's","lives","better","by","creating","a","place","where","they","can","playfully","learn"],"category":"Arts, Culture, Humanities","phoneNumber":"204-867-5309","email":"some@email.com"},{"name":"World Vision","streetAdd":"34834 Weyerhaeuser Way, S","city":"Federal Way","state":"WA","zip":"98001","cause":"Development and Relief Services","rating":4,"websiteURL":"http://www.worldvision.org/","photoURL":"NA","keywords":["Building","a","better","world","for","children"],"category":"International","phoneNumber":"204-867-5309","email":"some@email.com"},{"name":"African Enterprise","streetAdd":"PO Box 28190","city":"Spokane","state":"WA","zip":"99228","cause":"Religious Activities","rating":5,"websiteURL":"http://www.africanenterprise.org","photoURL":"NA","keywords":["A","ministry","of","missions,","evangelism,","and","reconciliation","in","Africa"],"category":"Religion","phoneNumber":"204-867-5309","email":"some@email.com"},{"name":"Childcare Worldwide","streetAdd":"315 Lakeway Drive","city":"Bellingham","state":"WA","zip":"98225","cause":"Development and Relief Services","rating":1,"websiteURL":"http://www.childcareworldwide.org/","photoURL":"NA","keywords":["Helping","children","survive","&","succeed"],"category":"International","phoneNumber":"204-867-5309","email":"some@email.com"}]
